BOARD,EXAMPLE,LINT FAILS,NO TESTBENCH
alhambra-ii,blinky, ,X
alhambra-ii,template, ,X
blackice,blink, ,X
blackice,blinky, ,X
cat-board,blinky, ,X
colorlight-5a-75b-v8,blinky, ,X
colorlight-5a-75e-v71-ft2232h,blinky, ,X
colorlight-5a-75e-v71-ft2232h,ledon, ,X
cynthion-r1-4,blinky, ,X
edu-ciaa-fpga,blinky, ,X
edu-ciaa-fpga,led-green, ,X
edu-ciaa-fpga,template, ,X
fomu,blink, ,X
fomu,blinky, ,X
go-board,blinky, ,X
ice40-up5k,blinky, ,X
ice40-up5k,led-green, ,X
ice40-up5k,switches, ,X
icebreaker,blink,X,X
icebreaker,blinky,X,X
icebreaker,buttons, ,X
icebreaker,led-green,X,X
icesugar-1-5,blinky, ,X
icewerx,blinky, ,X
icezum,frere-jacques,X, 
tinyfpga-b2,blinky, ,X
tinyfpga-b2,template,X,X
tinyfpga-bx,blink-sos, ,X
tinyfpga-bx,blinky, ,X
tinyfpga-bx,template, ,X
ulx3s-12f,blinky, ,X
ulx3s-12f,ledon,X, 
ulx3s-45f,blinky,X,X
ulx3s-85f,blinky,X,X
upduino31,blinky,X,X
upduino31,pll,X,X
